{
  "name": "resource_pack",
  "title": "Gfx Resource Pack",
  "version": "1.0.0-alpha.01\u002B2025001",
  "description": "A test resource extension mod",
  "author": "RazorWare",
  "copy_right": "Copyright 2025 RazorWare",
  "assembly": {
    "assembly_name": "gfx.resources.bar, Version=1.0.0, Culture=neutral, PublicKeyToken=null",
    "entry_tag": "gfx.resources.bar",
    "file_name": "gfx.resources.bar.dll"
  },
  "entry_class": "GfxResource",
  "dependencies": [
    {
      "assembly_name": "razorware.gfxcore.domain, Version=1.0.0.0, Culture=neutral, PublicKeyToken=null",
      "entry_tag": "razorware.gfxcore.domain",
      "file_name": "razorware.gfxcore.domain.dll"
    }
  ],
  "checksum": "",
  "packed": "2025-01-25T01:21:44.4734296Z",
  "identifier": "gfx_resource_pack",
  "tags": [
    "test",
    "demo"
  ]
}